<?xml version="1.0" encoding="UTF-8"?><rss version="2.0"
	xmlns:content="http://purl.org/rss/1.0/modules/content/"
	xmlns:wfw="http://wellformedweb.org/CommentAPI/"
	xmlns:dc="http://purl.org/dc/elements/1.1/"
	xmlns:atom="http://www.w3.org/2005/Atom"
	xmlns:sy="http://purl.org/rss/1.0/modules/syndication/"
	xmlns:slash="http://purl.org/rss/1.0/modules/slash/"
	>

<channel>
	<title>web_legaspivb &#8211; Website / Portfolio</title>
	<atom:link href="http://tamagodesssu.github.io/Website_Portfolio/author/web_legaspivb/feed/" rel="self" type="application/rss+xml" />
	<link>http://tamagodesssu.github.io/Website_Portfolio</link>
	<description>Made by : Vincent Legaspi</description>
	<lastBuildDate>Wed, 09 Feb 2022 06:08:28 +0000</lastBuildDate>
	<language>en-US</language>
	<sy:updatePeriod>
	hourly	</sy:updatePeriod>
	<sy:updateFrequency>
	1	</sy:updateFrequency>
	<generator>https://wordpress.org/?v=5.9</generator>
	<item>
		<title>Hello world!</title>
		<link>http://tamagodesssu.github.io/Website_Portfolio/2022/02/09/hello-world/</link>
					<comments>http://tamagodesssu.github.io/Website_Portfolio/2022/02/09/hello-world/#comments</comments>
		
		<dc:creator><![CDATA[web_legaspivb]]></dc:creator>
		<pubDate>Wed, 09 Feb 2022 04:52:06 +0000</pubDate>
				<category><![CDATA[Uncategorized]]></category>
		<guid isPermaLink="false">http://tamagodesssu.github.io/Website_Portfolio/?p=1</guid>

					<description><![CDATA[Welcome to WordPress. This is your first post. Edit or delete it, then start writing! Previous Next]]></description>
										<content:encoded><![CDATA[		<div data-elementor-type="wp-post" data-elementor-id="1" class="elementor elementor-1" data-elementor-settings="[]">
							<div class="elementor-section-wrap">
							<section class="elementor-section elementor-top-section elementor-element elementor-element-102236f0 elementor-section-boxed elementor-section-height-default elementor-section-height-default" data-id="102236f0" data-element_type="section">
						<div class="elementor-container elementor-column-gap-default">
					<div class="elementor-column elementor-col-100 elementor-top-column elementor-element elementor-element-e445a42" data-id="e445a42" data-element_type="column">
			<div class="elementor-widget-wrap elementor-element-populated">
								<div class="elementor-element elementor-element-5c1db4eb elementor-widget elementor-widget-text-editor" data-id="5c1db4eb" data-element_type="widget" data-widget_type="text-editor.default">
				<div class="elementor-widget-container">
			<style>/*! elementor - v3.5.5 - 03-02-2022 */
.elementor-widget-text-editor.elementor-drop-cap-view-stacked .elementor-drop-cap{background-color:#818a91;color:#fff}.elementor-widget-text-editor.elementor-drop-cap-view-framed .elementor-drop-cap{color:#818a91;border:3px solid;background-color:transparent}.elementor-widget-text-editor:not(.elementor-drop-cap-view-default) .elementor-drop-cap{margin-top:8px}.elementor-widget-text-editor:not(.elementor-drop-cap-view-default) .elementor-drop-cap-letter{width:1em;height:1em}.elementor-widget-text-editor .elementor-drop-cap{float:left;text-align:center;line-height:1;font-size:50px}.elementor-widget-text-editor .elementor-drop-cap-letter{display:inline-block}</style>				<!-- wp:paragraph -->
<p>Welcome to WordPress. This is your first post. Edit or delete it, then start writing!</p>
<!-- /wp:paragraph -->						</div>
				</div>
					</div>
		</div>
							</div>
		</section>
				<section class="elementor-section elementor-top-section elementor-element elementor-element-51bf4d4 elementor-section-boxed elementor-section-height-default elementor-section-height-default" data-id="51bf4d4" data-element_type="section">
						<div class="elementor-container elementor-column-gap-default">
					<div class="elementor-column elementor-col-100 elementor-top-column elementor-element elementor-element-907183f" data-id="907183f" data-element_type="column">
			<div class="elementor-widget-wrap elementor-element-populated">
								<div class="elementor-element elementor-element-687ee15 elementor-arrows-position-outside elementor-pagination-position-outside elementor-widget elementor-widget-image-carousel" data-id="687ee15" data-element_type="widget" data-settings="{&quot;slides_to_show&quot;:&quot;1&quot;,&quot;navigation&quot;:&quot;both&quot;,&quot;autoplay&quot;:&quot;yes&quot;,&quot;pause_on_hover&quot;:&quot;yes&quot;,&quot;pause_on_interaction&quot;:&quot;yes&quot;,&quot;autoplay_speed&quot;:5000,&quot;infinite&quot;:&quot;yes&quot;,&quot;effect&quot;:&quot;slide&quot;,&quot;speed&quot;:500}" data-widget_type="image-carousel.default">
				<div class="elementor-widget-container">
			<style>/*! elementor - v3.5.5 - 03-02-2022 */
.elementor-widget-image-carousel .swiper-container{position:static}.elementor-widget-image-carousel .swiper-container .swiper-slide figure{line-height:inherit}.elementor-widget-image-carousel .swiper-slide{text-align:center}.elementor-image-carousel-wrapper:not(.swiper-container-initialized) .swiper-slide{max-width:calc(100% / var(--e-image-carousel-slides-to-show, 3))}</style>		<div class="elementor-image-carousel-wrapper swiper-container" dir="ltr">
			<div class="elementor-image-carousel swiper-wrapper">
								<div class="swiper-slide"><figure class="swiper-slide-inner"><img class="swiper-slide-image" src="http://tamagodesssu.github.io/Website_Portfolio/wp-content/uploads/2022/02/IMG_20170826_174846.jpg" alt="" /></figure></div><div class="swiper-slide"><figure class="swiper-slide-inner"><img class="swiper-slide-image" src="http://tamagodesssu.github.io/Website_Portfolio/wp-content/uploads/2022/02/IMG_2342.jpg" alt="" /></figure></div><div class="swiper-slide"><figure class="swiper-slide-inner"><img class="swiper-slide-image" src="http://tamagodesssu.github.io/Website_Portfolio/wp-content/uploads/2022/02/IMG_20171030_180016.jpg" alt="" /></figure></div><div class="swiper-slide"><figure class="swiper-slide-inner"><img class="swiper-slide-image" src="http://tamagodesssu.github.io/Website_Portfolio/wp-content/uploads/2022/02/70139129_2523002007737892_6092166180276011008_o.jpg" alt="" /></figure></div><div class="swiper-slide"><figure class="swiper-slide-inner"><img class="swiper-slide-image" src="http://tamagodesssu.github.io/Website_Portfolio/wp-content/uploads/2022/02/cover.jpg" alt="cover" /></figure></div>			</div>
												<div class="swiper-pagination"></div>
													<div class="elementor-swiper-button elementor-swiper-button-prev">
						<i aria-hidden="true" class="eicon-chevron-left"></i>						<span class="elementor-screen-only">Previous</span>
					</div>
					<div class="elementor-swiper-button elementor-swiper-button-next">
						<i aria-hidden="true" class="eicon-chevron-right"></i>						<span class="elementor-screen-only">Next</span>
					</div>
									</div>
				</div>
				</div>
					</div>
		</div>
							</div>
		</section>
						</div>
					</div>
		]]></content:encoded>
					
					<wfw:commentRss>http://tamagodesssu.github.io/Website_Portfolio/2022/02/09/hello-world/feed/</wfw:commentRss>
			<slash:comments>1</slash:comments>
		
		
			</item>
	</channel>
</rss>
